era,id,song,artist,film,year,source_zip,original_filename,site_filename,duration_seconds
1980s,caddyshack-im-alright,I'm Alright,Kenny Loggins,Caddyshack,1980,The 80s Songs.zip,Kenny Loggins - I'm Alright (Lyrics).mp3,caddyshack-im-alright.mp3,223.3
1980s,footloose-footloose,Footloose,Kenny Loggins,Footloose,1984,The 80s Songs.zip,Kenny Loggins - Footloose (Lyrics).mp3,footloose-footloose.mp3,226.4
1980s,top-gun-danger-zone,Danger Zone,Kenny Loggins,Top Gun,1986,The 80s Songs.zip,Kenny Loggins - Danger Zone (Lyrics) 4.mp3,top-gun-danger-zone.mp3,215.7
1980s,top-gun-take-my-breath-away,Take My Breath Away,Berlin,Top Gun,1986,The 80s Songs.zip,Berlin - Take My Breath Away (Lyrics).mp3,top-gun-take-my-breath-away.mp3,252.8
1980s,ghostbusters-ghostbusters,Ghostbusters,Ray Parker Jr.,Ghostbusters,1984,The 80s Songs.zip,"Ray Parker, Jr. - Ghostbusters (Lyrics).mp3",ghostbusters-ghostbusters.mp3,245.8
1980s,back-to-the-future-power-of-love,The Power of Love,Huey Lewis and the News,Back to the Future,1985,The 80s Songs.zip,Huey Lewis and the News - The Power of Love (Lyrics) 4.mp3,back-to-the-future-power-of-love.mp3,234.6
1980s,rocky-iii-eye-of-the-tiger,Eye of the Tiger,Survivor,Rocky III,1982,The 80s Songs.zip,Survivor - Eye Of The Tiger (Lyrics) 4.mp3,rocky-iii-eye-of-the-tiger.mp3,242.5
1980s,rocky-iv-hearts-on-fire,Hearts on Fire,John Cafferty,Rocky IV,1985,The 80s Songs.zip,𝘑𝘰𝘩𝘯 𝘊𝘢𝘧𝘧𝘦𝘳𝘵𝘺 - 𝘏𝘦𝘢𝘳𝘵𝘴 𝘰𝘯 𝘍𝘪𝘳𝘦 (𝘓𝘺𝘳𝘪𝘤𝘴).mp3,rocky-iv-hearts-on-fire.mp3,246.3
1980s,karate-kid-youre-the-best,You're the Best,Joe Esposito,The Karate Kid,1984,The 80s Songs.zip,Joe Esposito - You're The Best (LYRICS) 4.mp3,karate-kid-youre-the-best.mp3,175.2
1980s,flashdance-what-a-feeling,Flashdance... What a Feeling,Irene Cara,Flashdance,1983,The 80s Songs.zip,Irene Cara - Flashdance...What A Feeling (Lyrics) 4.mp3,flashdance-what-a-feeling.mp3,247.9
1980s,flashdance-maniac,Maniac,Michael Sembello,Flashdance,1983,The 80s Songs.zip,Michael Sembello - Maniac (Lyrics) 4.mp3,flashdance-maniac.mp3,245.1
1980s,blues-brothers-everybody-needs-somebody,Everybody Needs Somebody to Love,The Blues Brothers,The Blues Brothers,1980,The 80s Songs.zip,The Blues Brothers - Everybody Needs Somebody To Love (Lyrics HD).mp3,blues-brothers-everybody-needs-somebody.mp3,205.5
1980s,breakfast-club-dont-you-forget-about-me,Don't You (Forget About Me),Simple Minds,The Breakfast Club,1985,The 80s Songs.zip,Simple Minds - Don't You (Forget About Me) (Lyrics).mp3,breakfast-club-dont-you-forget-about-me.mp3,258.0
1980s,beverly-hills-cop-heat-is-on,The Heat Is On,Glenn Frey,Beverly Hills Cop,1984,The 80s Songs.zip,Glenn Frey - The Heat Is On (Lyrics).mp3,beverly-hills-cop-heat-is-on.mp3,227.5
1980s,vacation-holiday-road,Holiday Road,Lindsey Buckingham,National Lampoon's Vacation,1983,The 80s Songs.zip,Holiday Road - Lindsay Buckingham (Lyrics).mp3,vacation-holiday-road.mp3,134.5
1980s,ferris-bueller-twist-and-shout,Twist and Shout,The Beatles,Ferris Bueller's Day Off,1986,The 80s Songs.zip,The Beatles - TWIST AND SHOUT (Lyrics Video).mp3,ferris-bueller-twist-and-shout.mp3,155.4
1980s,neverending-story-theme,The NeverEnding Story,Limahl,The NeverEnding Story,1984,The 80s Songs.zip,Limahl - Never Ending Story (Lyrics) from Stranger Things 4.mp3,neverending-story-theme.mp3,201.1
1980s,purple-rain-purple-rain,Purple Rain,Prince and the Revolution,Purple Rain,1984,The 80s Songs.zip,Prince - Purple Rain (Lyrics) 4.mp3,purple-rain-purple-rain.mp3,245.5
1980s,risky-business-old-time-rock-and-roll,Old Time Rock and Roll,Bob Seger,Risky Business,1983,The 80s Songs.zip,Bob Seger & The Silver Bullet Band - Old Time Rock & Roll (Lyrics) 4.mp3,risky-business-old-time-rock-and-roll.mp3,194.2
1980s,dirty-dancing-time-of-my-life,(I've Had) The Time of My Life,Bill Medley & Jennifer Warnes,Dirty Dancing,1987,The 80s Songs.zip,(I've Had) The Time Of My Life - Bill Medley & Jennifer Warnes - Dirty Dancing  [Lyrics].mp3,dirty-dancing-time-of-my-life.mp3,296.2
1990s,toy-story-friend-in-me,You've Got a Friend in Me,Randy Newman,Toy Story,1995,The 90s Songs.zip,Randy Newman   You've Got a Friend in Me From  Toy Story 4  Audio Only   Lyrics.mp3,toy-story-friend-in-me.mp3,131.8
1990s,titanic-my-heart-will-go-on,My Heart Will Go On,Céline Dion,Titanic,1997,The 90s Songs.zip,Celine Dion - My Heart Will Go On (Lyrics) 4.mp3,titanic-my-heart-will-go-on.mp3,275.1
1990s,armageddon-dont-want-to-miss-a-thing,I Don't Want to Miss a Thing,Aerosmith,Armageddon,1998,The 90s Songs.zip,Aerosmith - I Don't Want to Miss a Thing (Lyrics) 4.mp3,armageddon-dont-want-to-miss-a-thing.mp3,322.9
1990s,aladdin-whole-new-world,A Whole New World,Peabo Bryson & Regina Belle,Aladdin,1992,The 90s Songs.zip,"Peabo Bryson, Regina Belle - A Whole New World (Aladdin's Theme) [Lyrics].mp3",aladdin-whole-new-world.mp3,243.5
1990s,aladdin-friend-like-me,Friend Like Me,Robin Williams,Aladdin,1992,The 90s Songs.zip,"Aladdin, Friend Like Me (Lyrics).mp3",aladdin-friend-like-me.mp3,147.1
1990s,beauty-and-the-beast-title,Beauty and the Beast,Céline Dion & Peabo Bryson,Beauty and the Beast,1991,The 90s Songs.zip,"Beauty and the Beast - Céline Dion, Peabo Bryson (Lyrics) 4.mp3",beauty-and-the-beast-title.mp3,245.2
1990s,beauty-and-the-beast-be-our-guest,Be Our Guest,"Angela Lansbury, Jerry Orbach & Cast",Beauty and the Beast,1991,The 90s Songs.zip,Be Our Guest  lyrics.mp3,beauty-and-the-beast-be-our-guest.mp3,231.6
1990s,lion-king-circle-of-life,Circle of Life,Elton John,The Lion King,1994,The 90s Songs.zip,CIRCLE OF LIFE (Lyrics) - ELTON JOHN.mp3,lion-king-circle-of-life.mp3,292.4
1990s,lion-king-can-you-feel-the-love-tonight,Can You Feel the Love Tonight,Elton John,The Lion King,1994,The 90s Songs.zip,Elton John - Can You Feel The Love Tonight [Lyrics] 4.mp3,lion-king-can-you-feel-the-love-tonight.mp3,242.0
1990s,lion-king-hakuna-matata,Hakuna Matata,"Nathan Lane, Ernie Sabella & Cast",The Lion King,1994,The 90s Songs.zip,Hakuna Matata lyrics.mp3,lion-king-hakuna-matata.mp3,213.2
1990s,pocahontas-colors-of-the-wind,Colors of the Wind,Vanessa Williams,Pocahontas,1995,The 90s Songs.zip,Pocahontas - Colors of the Wind - Lyrics 4.mp3,pocahontas-colors-of-the-wind.mp3,202.2
1990s,mulan-reflection,Reflection,Christina Aguilera,Mulan,1998,The 90s Songs.zip,Reflection - Christina Aguilera (Lyrics) 🎵.mp3,mulan-reflection.mp3,219.2
1990s,mulan-make-a-man-out-of-you,I'll Make a Man Out of You,Donny Osmond,Mulan,1998,The 90s Songs.zip,I'LL MAKE A MAN OUT OF YOU - DONNY OSMOND LYRICS.mp3,mulan-make-a-man-out-of-you.mp3,201.7
1990s,tarzan-youll-be-in-my-heart,You'll Be in My Heart,Phil Collins,Tarzan,1999,The 90s Songs.zip,You'll Be In My Heart - Phil Collins (Lyrics) [HD] 4.mp3,tarzan-youll-be-in-my-heart.mp3,256.5
1990s,tarzan-strangers-like-me,Strangers Like Me,Phil Collins,Tarzan,1999,The 90s Songs.zip,Phil Collins - Strangers Like Me (Lyrics HD).mp3,tarzan-strangers-like-me.mp3,180.4
1990s,goofy-movie-i2i,I2I,Tevin Campbell,A Goofy Movie,1995,The 90s Songs.zip,Tevin Campbell & Rosie Gaines - I2I (Lyrics HD).mp3,goofy-movie-i2i.mp3,248.0
1990s,prince-of-egypt-when-you-believe,When You Believe,Whitney Houston & Mariah Carey,The Prince of Egypt,1998,The 90s Songs.zip,When You Believe - Whitney Houston & Mariah Carey (Lyrics) 🎵 4.mp3,prince-of-egypt-when-you-believe.mp3,305.2
1990s,harry-potter-hedwigs-theme,Hedwig's Theme,John Williams,Harry Potter and the Sorcerer's Stone,2001,The 90s Songs.zip,Hedwig's Theme 4.mp3,harry-potter-hedwigs-theme.mp3,309.1
2000s+,shrek-all-star,All Star,Smash Mouth,Shrek,2001,The 2000s Songs.zip,Smash Mouth - All Star (Lyrics) 4.mp3,shrek-all-star.mp3,197.0
2000s+,shrek-im-a-believer,I'm a Believer,Smash Mouth,Shrek,2001,The 2000s Songs.zip,Smash Mouth - I'm a Believer (lyrics) 4.mp3,shrek-im-a-believer.mp3,185.7
2000s+,cars-life-is-a-highway,Life Is a Highway,Rascal Flatts,Cars,2006,The 2000s Songs.zip,Rascal Flatts - Life Is A Highway (Lyrics) 4.mp3,cars-life-is-a-highway.mp3,275.8
2000s+,cars-real-gone,Real Gone,Sheryl Crow,Cars,2006,The 2000s Songs.zip,Real Gone - Sheryl Crow (Cars Soundtrack) with lyrics 4.mp3,cars-real-gone.mp3,202.9
2000s+,8-mile-lose-yourself,Lose Yourself,Eminem,8 Mile,2002,The 2000s Songs.zip,Eminem - Lose Yourself (Lyrics) 4.mp3,8-mile-lose-yourself.mp3,320.4
2000s+,school-of-rock-title,School of Rock,School of Rock Cast,School of Rock,2003,The 2000s Songs.zip,School of Rock.mp3,school-of-rock-title.mp3,252.7
2000s+,sahara-magic-carpet-ride,Magic Carpet Ride,Steppenwolf,Sahara,2005,The 2000s Songs.zip,Steppenwolf _ Magic Carpet Ride (Lyrics).mp3,sahara-magic-carpet-ride.mp3,266.2
2000s+,transformers-what-ive-done,What I've Done,Linkin Park,Transformers,2007,The 2000s Songs.zip,Linkin Park - What I've Done (Lyrics) 4.mp3,transformers-what-ive-done.mp3,205.1
2000s+,twilight-decode,Decode,Paramore,Twilight,2008,The 2000s Songs.zip,Decode - Paramore (Lyrics) 🎵 4.mp3,twilight-decode.mp3,250.2
2000s+,spider-man-hero,Hero,Chad Kroeger feat. Josey Scott,Spider-Man,2002,The 2000s Songs.zip,Hero - Chad Kroeger feat. Josey Scott - lyrics 4.mp3,spider-man-hero.mp3,198.3
2000s+,avengers-shoot-to-thrill,Shoot to Thrill,AC/DC,The Avengers,2012,The 2000s Songs.zip,ACDC Shoot To Thrill Lyrics 4.mp3,avengers-shoot-to-thrill.mp3,318.8
2000s+,iron-man-back-in-black,Back in Black,AC/DC,Iron Man,2008,The 2000s Songs.zip,AC_DC - Back In Black (Lyrics) 4.mp3,iron-man-back-in-black.mp3,251.7
2000s+,thor-ragnarok-immigrant-song,Immigrant Song,Led Zeppelin,Thor: Ragnarok,2017,The 2000s Songs.zip,Led Zeppelin - Immigrant Song _ Lyrics.mp3,thor-ragnarok-immigrant-song.mp3,147.0
2000s+,guardians-hooked-on-a-feeling,Hooked on a Feeling,Blue Swede,Guardians of the Galaxy,2014,The 2000s Songs.zip,Blue Swede - Hooked On A Feeling (Lyrics) 4.mp3,guardians-hooked-on-a-feeling.mp3,171.6
2000s+,guardians-come-and-get-your-love,Come and Get Your Love,Redbone,Guardians of the Galaxy,2014,The 2000s Songs.zip,Redbone - Come And Get Your Love (Lyrics).mp3,guardians-come-and-get-your-love.mp3,207.6
2000s+,spider-verse-sunflower,Sunflower,Post Malone & Swae Lee,Spider-Man: Into the Spider-Verse,2018,The 2000s Songs.zip,"Post Malone, Swae Lee - Sunflower (Lyrics) 4.mp3",spider-verse-sunflower.mp3,158.1
